joueur,equipe,poste,date_naissance,club,goals
Salim Ben Boina,comores,GK,19 July 1991 (aged 34),Istres,0
Ismaël Boura,comores,DF,14 August 2000 (aged 25),Troyes,0
Abdel-Hakim Abdallah,Comores,DF,18 August 1997 (aged 28),Guingamp,0
Kenan Toibibou,Comores,DF,9 December 2004 (aged 21),Bravo,0
Ahmed Soilihi,Comores,DF,1 July 1996 (aged 29),Toulon,0
Iyad Mohamed,Comores,MF,5 March 2001 (aged 24),Casa Pia,0
Faïz Selemani,Comores,FW,14 November 1993 (aged 32),Qatar SC,7
Yannis Kari,Comores,DF,2 November 2000 (aged 25),Fréjus Saint-Raphaël,0
Aboubacar Ali,Comores,FW,2 April 2006 (aged 19),Francs Borains,0
Youssouf M'Changama,Comores,MF,29 August 1990 (aged 35),Al-Batin,13
Rafiki Saïd,Comores,FW,15 March 2000 (aged 25),Standard Liège,7
Kassim M'Dahoma,Comores,DF,26 January 1997 (aged 28),Aubagne,1
Aymeric Ahmed,Comores,FW,8 November 2003 (aged 22),Strasbourg,0
Rémy Vita,Comores,MF,1 April 2001 (aged 24),Tondela,0
Benjaloud Youssouf,Comores,MF,11 February 1994 (aged 31),Sochaux,4
Yannick Pandor,Comores,GK,1 May 2001 (aged 24),Francs Borains,0
Myziane Maolida,Comores,FW,14 February 1999 (aged 26),Al-Kholood,4
Yacine Bourhane,Comores,MF,30 September 1998 (aged 27),Aris Limassol,1
Zaïd Amir,Comores,FW,11 May 2002 (aged 23),Istres,2
El Fardou Ben Nabouhane,Comores,FW,10 June 1989 (aged 36),Zemun,16
Saïd Bakari,Comores,DF,22 September 1994 (aged 31),Sparta Rotterdam,1
Adel Anzimati,Comores,GK,5 November 2001 (aged 24),Ararat Yerevan,0
Idris Mohamed,Comores,DF,25 November 2003 (aged 22),Le Puy,0
Raouf Mroivili,Comores,MF,14 January 1999 (aged 26),Villefranche,0
Rayan Lutin,Comores,MF,16 January 2003 (aged 22),Amiens,0
Zaydou Youssouf,Comores,MF,11 July 1999 (aged 26),Al-Fateh,0
Ismael Diawara,Mali,GK,11 November 1994 (aged 31),Sirius,0
Hamari Traoré,Mali,DF,27 January 1992 (aged 33),Paris FC,3
Amadou Dante,Mali,DF,7 October 2000 (aged 25),Arouca,0
Amadou Haidara,Mali,MF,31 January 1998 (aged 27),RB Leipzig,2
Abdoulaye Diaby,Mali,DF,4 July 2000 (aged 25),Grasshopper,0
Sikou Niakaté,Mali,DF,10 July 1999 (aged 26),Braga,1
Dorgeles Nene,Mali,FW,23 December 2002 (aged 22),Fenerbahçe,9
Mahamadou Doumbia,Mali,MF,15 May 2004 (aged 21),Al-Ittihad,0
El Bilal Touré,Mali,FW,3 October 2001 (aged 24),Beşiktaş,9
Yves Bissouma,Mali,MF,30 August 1996 (aged 29),Tottenham Hotspur,5
Lassana Coulibaly,Mali,MF,10 April 1996 (aged 29),Lecce,1
Mohamed Camara,Mali,MF,6 January 2000 (aged 25),Al-Sadd,3
Fodé Doucouré,Mali,DF,3 February 2001 (aged 24),Le Havre,0
Mamadou Camara,Mali,FW,7 February 2001 (aged 24),Laval,0
Mamadou Fofana,Mali,DF,21 January 1998 (aged 27),New England Revolution,1
Djigui Diarra,Mali,GK,27 February 1995 (aged 30),Young Africans,0
Lassine Sinayoko,Mali,FW,8 December 1999 (aged 26),Auxerre,6
Mamadou Doumbia,Mali,FW,18 February 2006 (aged 19),Watford,1
Kamory Doumbia,Mali,MF,18 February 2003 (aged 22),Brest,14
Mamadou Sangaré,Mali,MF,26 June 2002 (aged 23),Lens,0
Gaoussou Diarra,Mali,FW,21 November 2002 (aged 23),Feyenoord,1
Mamadou Samassa,Mali,GK,16 February 1990 (aged 35),Laval,0
Aliou Dieng,Mali,MF,15 October 1997 (aged 28),Al Ahly,2
Ibrahima Sissoko,Mali,MF,27 October 1997 (aged 28),VfL Bochum,0
Ousmane Camara,Mali,DF,6 March 2003 (aged 22),Angers,0
Woyo Coulibaly,Mali,DF,26 May 1999 (aged 26),Sassuolo,0
Gaoussou Diakité,Mali,FW,26 September 2005 (aged 20),Lausanne-Sport,0
Nathan Gassama,Mali,DF,5 January 2001 (aged 24),Baltika Kaliningrad,0
Yassine Bounou,Maroc,GK,5 April 1991 (aged 34),Al-Hilal,0
Achraf Hakimi,Maroc,DF,4 November 1998 (aged 27),Paris Saint-Germain,11
Noussair Mazraoui,Maroc,DF,14 November 1997 (aged 28),Manchester United,2
Sofyan Amrabat,Maroc,MF,21 August 1996 (aged 29),Real Betis,0
Nayef Aguerd,Maroc,DF,30 March 1996 (aged 29),Marseille,2
Romain Saïss,Maroc,DF,26 March 1990 (aged 35),Al-Sadd,3
Hamza Igamane,Maroc,FW,2 November 2002 (aged 23),Lille,2
Azzedine Ounahi,Maroc,MF,19 April 2000 (aged 25),Girona,9
Soufiane Rahimi,Maroc,FW,2 June 1996 (aged 29),Al-Ain,5
Brahim Díaz,Maroc,FW,3 August 1999 (aged 26),Real Madrid,8
Ismael Saibari,Maroc,MF,28 January 2001 (aged 24),PSV Eindhoven,6
Munir Mohamedi,Maroc,GK,10 May 1989 (aged 36),RS Berkane,0
Eliesse Ben Seghir,Maroc,MF,16 February 2005 (aged 20),Bayer Leverkusen,3
Oussama Targhalline,Maroc,MF,20 May 2002 (aged 23),Feyenoord,0
Mohamed Chibi,Maroc,DF,21 January 1993 (aged 32),Pyramids,1
Ilias Akhomach,Maroc,FW,16 April 2004 (aged 21),Villarreal,0
Abde Ezzalzouli,Maroc,FW,17 December 2001 (aged 24),Real Betis,2
Jawad El Yamiq,Maroc,DF,29 February 1992 (aged 33),Al-Najma,3
Youssef En-Nesyri,Maroc,FW,1 June 1997 (aged 28),Fenerbahçe,25
Ayoub El Kaabi,Maroc,FW,25 June 1993 (aged 32),Olympiacos,17
Chemsdine Talbi,Maroc,FW,9 May 2005 (aged 20),Sunderland,0
El Mehdi Al Harrar,Maroc,GK,30 November 2000 (aged 25),Raja CA,0
Bilal El Khannouss,Maroc,MF,10 May 2004 (aged 21),VfB Stuttgart,2
Neil El Aynaoui,Maroc,MF,2 July 2001 (aged 24),Roma,0
Adam Masina,Maroc,DF,2 January 1994 (aged 31),Torino,0
Anass Salah-Eddine,Maroc,DF,18 January 2002 (aged 23),PSV Eindhoven,0
Abdelhamid Aït Boudlal,Maroc,DF,16 April 2006 (aged 19),Rennes,0
Youssef Belammari,Maroc,DF,20 September 1998 (aged 27),Raja CA,0
Willard Mwanza,Zambie,GK,3 June 1997 (aged 28),Power Dynamos,0
Mathews Banda,Zambie,DF,6 August 2005 (aged 20),Nkana,0
Obino Chisala,Zambie,DF,14 September 1999 (aged 26),Al-Merrikh,0
Frankie Musonda,Zambie,DF,12 December 1997 (aged 28),Bahrain SC,1
Miguel Chaiwa,Zambie,MF,7 June 2004 (aged 21),Hibernian,0
Benson Sakala,Zambie,DF,12 September 1996 (aged 29),Bohemians 1905,0
Jack Lahne,Zambie,FW,24 October 2001 (aged 24),Austria Lustenau,0
Lubambo Musonda,Zambie,MF,1 March 1995 (aged 30),Magdeburg,2
Lameck Banda,Zambie,FW,29 January 2001 (aged 24),Lecce,3
Fashion Sakala,Zambie,FW,14 March 1997 (aged 28),Al-Fayha,9
Joseph Sabobo,Zambie,MF,17 December 2005 (aged 20),Hapoel Be'er Sheva,0
Wilson Chisala,Zambie,MF,25 May 2002 (aged 23),Zanaco,0
Stoppila Sunzu,Zambie,DF,22 June 1989 (aged 36),Changchun Yatai,6
Kabaso Chongo,Zambie,DF,11 February 1992 (aged 33),ZESCO United,1
Given Kalusa,Zambie,MF,11 August 2008 (aged 17),MUZA,0
Lawrence Mulenga,Zambie,GK,21 August 1998 (aged 27),Power Dynamos,0
Kings Kangwa,Zambie,MF,6 April 1999 (aged 26),Hapoel Be'er Sheva,7
Francis Mwansa,Zambie,GK,14 July 2002 (aged 23),Zanaco,0
Kennedy Musonda,Zambie,FW,28 December 1994 (aged 30),Hapoel Ramat Gan,4
Patson Daka,Zambie,FW,9 October 1998 (aged 27),Leicester City,21
Dominic Chanda,Zambie,DF,26 February 1996 (aged 29),Power Dynamos,1
David Hamansenya,Zambie,DF,24 June 2007 (aged 18),Leganés,0
Pascal Phiri,Zambie,MF,17 July 2005 (aged 20),ZESCO United,0
Gift Mphande,Zambie,DF,19 November 2003 (aged 22),ZESCO United,0
Owen Tembo,Zambie,MF,16 May 1995 (aged 30),Power Dynamos,0
Joseph Liteta,Zambie,MF,22 February 2006 (aged 19),Cagliari,0
Elia Mandanji,Zambie,FW,20 November 2007 (aged 18),Zanaco,0
David Simukonda,Zambie,MF,10 August 2005 (aged 20),ZESCO United,0
Hugo Marques,Angola,GK,15 January 1986 (aged 39),Petro de Luanda,0
Núrio Fortuna,Angola,DF,24 March 1995 (aged 30),Volos,0
Jonathan Buatu,Angola,DF,27 September 1993 (aged 32),Gil Vicente,2
Clinton Mata,Angola,DF,7 November 1992 (aged 33),Lyon,0
David Carmo,Angola,DF,19 July 1999 (aged 26),Real Oviedo,0
Kialonda Gaspar,Angola,DF,27 September 1997 (aged 28),Lecce,1
Felício Milson,Angola,FW,12 October 1999 (aged 26),Red Star Belgrade,5
Maestro,Angola,MF,4 August 2003 (aged 22),Alanyaspor,1
M'Bala Nzola,Angola,FW,18 August 1996 (aged 29),Pisa,3
Gelson Dala,Angola,FW,13 July 1996 (aged 29),Al-Wakrah,21
Ary Papel,Angola,FW,3 March 1994 (aged 31),Al-Akhdar,9
Antonio Dominique,Angola,GK,25 July 1994 (aged 31),Étoile Carouge,0
Tó Carneiro,Angola,DF,5 November 1995 (aged 30),AS FAR,1
Manuel Benson,Angola,FW,28 March 1997 (aged 28),Swansea City,0
Beni Mukendi,Angola,MF,21 May 2002 (aged 23),Vitória de Guimarães,0
Fredy,Angola,MF,27 March 1990 (aged 35),Bodrum,4
Randy Nteka,Angola,MF,6 December 1997 (aged 28),Rayo Vallecano,2
Zito Luvumbo,Angola,FW,9 March 2002 (aged 23),Cagliari,1
Mabululu,Angola,FW,1 June 1992 (aged 33),Al-Ahli Tripoli,14
Manuel Keliano,Angola,MF,6 January 2003 (aged 22),Akhmat Grozny,2
Eddie Afonso,Angola,DF,7 March 1994 (aged 31),Petro de Luanda,0
Neblú,Angola,GK,16 December 1993 (aged 32),1° de Agosto,0
Show,Angola,MF,6 March 1999 (aged 26),Kocaelispor,1
Mário Balbúrdia,Angola,MF,19 August 1997 (aged 28),Boluspor,0
Rui Modesto,Angola,DF,7 October 1999 (aged 26),Udinese,0
Agostinho Calunga,Angola,GK,10 July 1998 (aged 27),Wiliete,0
Chico Banza,Angola,FW,17 December 1998 (aged 27),Zamalek,0
Pedro Bondo,Angola,DF,16 November 2004 (aged 21),Famalicão,1
Ahmed El Shenawy,Égypte,GK,14 May 1991 (aged 34),Pyramids,0
Khaled Sobhi,Égypte,DF,4 May 1995 (aged 30),Al Masry,0
Mohamed Hany,Égypte,DF,25 January 1996 (aged 29),Al Ahly,0
Hossam Abdelmaguid,Égypte,DF,30 April 2001 (aged 24),Zamalek,0
Ramy Rabia,Égypte,DF,20 May 1993 (aged 32),Al-Ain,4
Yasser Ibrahim,Égypte,DF,10 February 1993 (aged 32),Al Ahly,0
Trézéguet,Égypte,FW,1 October 1994 (aged 31),Al Ahly,22
Emam Ashour,Égypte,MF,20 February 1998 (aged 27),Al Ahly,0
Salah Mohsen,Égypte,FW,1 September 1998 (aged 27),Al Masry,1
Mohamed Salah,Égypte,FW,15 June 1992 (aged 33),Liverpool,63
Mostafa Mohamed,Égypte,FW,28 November 1997 (aged 28),Nantes,13
Mohamed Hamdy,Égypte,DF,15 March 1995 (aged 30),Pyramids,1
Ahmed Abou El Fotouh,Égypte,DF,22 March 1998 (aged 27),Zamalek,1
Hamdy Fathy,Égypte,MF,29 September 1994 (aged 31),Al-Wakrah,3
Mohamed Shehata,Égypte,MF,8 February 2001 (aged 24),Zamalek,0
Mohamed Sobhy,Égypte,GK,15 July 1999 (aged 26),Zamalek,0
Mohanad Lasheen,Égypte,MF,29 May 1996 (aged 29),Pyramids,0
Mostafa Fathi,Égypte,FW,12 May 1994 (aged 31),Pyramids,3
Marwan Attia,Égypte,MF,12 August 1998 (aged 27),Al Ahly,0
Ibrahim Adel,Égypte,FW,23 April 2001 (aged 24),Al-Jazira,3
Osama Faisal,Égypte,FW,1 January 2001 (aged 24),National Bank of Egypt,0
Omar Marmoush,Égypte,FW,7 February 1999 (aged 26),Manchester City,8
Mohamed El Shenawy,Égypte,GK,18 December 1988 (aged 37),Al Ahly,0
Ahmed Eid,Égypte,DF,2 January 2001 (aged 24),Al Masry,0
Zizo,Égypte,MF,10 January 1996 (aged 29),Al Ahly,4
Mostafa Shobeir,Égypte,GK,17 March 2000 (aged 25),Al Ahly,0
Mahmoud Saber,Égypte,MF,30 July 2001 (aged 24),ZED,0
Mohamed Ismail,Égypte,DF,1 August 1999 (aged 26),Zamalek,0
Ronwen Williams,Afrique du Sud,GK,21 January 1992 (aged 33),Mamelodi Sundowns,0
Tylon Smith,Afrique du Sud,DF,9 May 2005 (aged 20),Queens Park Rangers,0
Khulumani Ndamane,Afrique du Sud,DF,5 February 2004 (aged 21),TS Galaxy,0
Teboho Mokoena,Afrique du Sud,MF,24 January 1997 (aged 28),Mamelodi Sundowns,9
Thalente Mbatha,Afrique du Sud,MF,6 March 2000 (aged 25),Orlando Pirates,3
Aubrey Modiba,Afrique du Sud,DF,22 July 1995 (aged 30),Mamelodi Sundowns,3
Oswin Appollis,Afrique du Sud,FW,25 August 2001 (aged 24),Orlando Pirates,5
Tshepang Moremi,Afrique du Sud,FW,2 October 2000 (aged 25),Orlando Pirates,0
Lyle Foster,Afrique du Sud,FW,9 May 2000 (aged 25),Burnley,8
Relebohile Mofokeng,Afrique du Sud,FW,23 October 2004 (aged 21),Orlando Pirates,0
Mohau Nkota,Afrique du Sud,FW,9 November 2004 (aged 21),Al-Ettifaq,2
Elias Mokwana,Afrique du Sud,FW,8 September 1999 (aged 26),Al-Hazem,2
Sphephelo Sithole,Afrique du Sud,MF,3 March 1999 (aged 26),Tondela,1
Mbekezeli Mbokazi,Afrique du Sud,DF,19 September 2005 (aged 20),Orlando Pirates,0
Bathusi Aubaas,Afrique du Sud,MF,11 July 1998 (aged 27),Mamelodi Sundowns,1
Sipho Chaine,Afrique du Sud,GK,14 December 1996 (aged 29),Orlando Pirates,0
Sipho Mbule,Afrique du Sud,MF,22 March 1998 (aged 27),Orlando Pirates,0
Samukele Kabini,Afrique du Sud,DF,15 March 2004 (aged 21),Molde,0
Nkosinathi Sibisi,Afrique du Sud,DF,22 September 1995 (aged 30),Orlando Pirates,0
Khuliso Mudau,Afrique du Sud,DF,26 April 1995 (aged 30),Mamelodi Sundowns,1
Siyabonga Ngezana,Afrique du Sud,DF,15 July 1997 (aged 28),FCSB,0
Ricardo Goss,Afrique du Sud,GK,2 April 1994 (aged 31),Siwelele,0
Evidence Makgopa,Afrique du Sud,FW,5 June 2000 (aged 25),Orlando Pirates,5
Shandre Campbell,Afrique du Sud,FW,15 July 2005 (aged 20),Club Brugge,0
Thabang Matuludi,Afrique du Sud,DF,14 January 1999 (aged 26),Polokwane City,0
Mduduzi Shabalala*,Afrique du Sud,MF,20 January 2004 (aged 21),Kaizer Chiefs,0
Iqraam Rayners*,Afrique du Sud,FW,19 December 1995 (aged 30),Mamelodi Sundowns,4
Thabo Moloisane*,Afrique du Sud,DF,24 February 1999 (aged 26),Stellenbosch,0
Elvis Chipezeze,Zimbabwe,GK,11 March 1990 (aged 35),Magesi,0
Gerald Takwara,Zimbabwe,DF,29 October 1994 (aged 31),Al-Ittihad Misurata,0
Sean Fusire,Zimbabwe,DF,31 May 2005 (aged 20),Sheffield Wednesday,0
Munashe Garananga,Zimbabwe,DF,18 January 2001 (aged 24),Copenhagen,1
Divine Lunga,Zimbabwe,DF,28 May 1995 (aged 30),Mamelodi Sundowns,0
Prosper Padera,Zimbabwe,MF,9 October 2006 (aged 19),SJK,0
Prince Dube,Zimbabwe,FW,17 February 1997 (aged 28),Young Africans,7
Jonah Fabisch,Zimbabwe,MF,13 August 2001 (aged 24),Erzgebirge Aue,0
Macauley Bonne,Zimbabwe,FW,26 October 1995 (aged 30),Maldon & Tiptree,1
Andy Rinomhota,Zimbabwe,MF,21 April 1997 (aged 28),Reading,0
Washington Navaya,Zimbabwe,FW,29 April 1998 (aged 27),TelOne,0
Bill Antonio,Zimbabwe,FW,3 September 2002 (aged 23),Mechelen,1
Brendan Galloway,Zimbabwe,DF,17 March 1996 (aged 29),Plymouth Argyle,0
Daniel Msendami,Zimbabwe,FW,24 October 2000 (aged 25),Marumo Gallants,0
Teenage Hadebe,Zimbabwe,DF,17 September 1995 (aged 30),FC Cincinnati,4
Martin Mapisa,Zimbabwe,GK,25 May 1998 (aged 27),MWOS,0
Knowledge Musona,Zimbabwe,MF,21 June 1990 (aged 35),Scottland,26
Marvelous Nakamba,Zimbabwe,MF,19 January 1994 (aged 31),Luton Town,0
Tawanda Maswanhise,Zimbabwe,FW,20 November 2002 (aged 23),Motherwell,1
Tawanda Chirewa,Zimbabwe,MF,11 October 2003 (aged 22),Wolverhampton Wanderers,3
Godknows Murwira,Zimbabwe,DF,4 July 1993 (aged 32),Scottland,0
Washington Arubi,Zimbabwe,GK,29 August 1985 (aged 40),Marumo Gallants,0
Emmanuel Jalai,Zimbabwe,DF,6 January 1999 (aged 26),Dynamos,0
Isheanesu Mauchi,Zimbabwe,DF,28 November 2002 (aged 23),Simba Bhora,0
Alec Mudimu,Zimbabwe,DF,8 April 1995 (aged 30),Flint Town United,0
Ishmael Wadi,Zimbabwe,FW,19 December 1992 (aged 33),CAPS United,0
Junior Zindoga,Zimbabwe,FW,28 July 1998 (aged 27),TS Galaxy,0
Tadiwa Chakuchichi,Zimbabwe,MF,1 June 2009 (aged 16),Scottland,0
Francis Uzoho,Nigeria,GK,28 October 1998 (aged 27),Omonia,0
Bright Osayi-Samuel,Nigeria,DF,31 December 1997 (aged 27),Birmingham City,0
Zaidu Sanusi,Nigeria,DF,13 June 1997 (aged 28),Porto,0
Wilfred Ndidi,Nigeria,MF,16 December 1996 (aged 29),Beşiktaş,0
Igoh Ogbu,Nigeria,DF,8 February 2000 (aged 25),Slavia Prague,0
Semi Ajayi,Nigeria,DF,9 November 1993 (aged 32),Hull City,1
Ademola Lookman,Nigeria,FW,20 October 1997 (aged 28),Atalanta,8
Frank Onyeka,Nigeria,MF,1 January 1998 (aged 27),Brentford,3
Victor Osimhen,Nigeria,FW,29 December 1998 (aged 26),Galatasaray,31
Fisayo Dele-Bashiru,Nigeria,MF,6 February 2001 (aged 24),Lazio,2
Samuel Chukwueze,Nigeria,FW,22 May 1999 (aged 26),Fulham,7
Cyriel Dessers,Nigeria,FW,8 December 1994 (aged 31),Panathinaikos,4
Bruno Onyemaechi,Nigeria,DF,3 April 1999 (aged 26),Olympiacos,0
Muhammed Usman Edu,Nigeria,MF,2 March 1994 (aged 31),Ironi Tiberias,0
Moses Simon,Nigeria,FW,12 July 1995 (aged 30),Paris FC,10
Amas Obasogie,Nigeria,GK,27 December 1999 (aged 25),Singida Black Stars,0
Alex Iwobi,Nigeria,MF,3 May 1996 (aged 29),Fulham,10
Raphael Onyedika,Nigeria,MF,19 April 2001 (aged 24),Club Brugge,1
Paul Onuachu,Nigeria,FW,28 May 1994 (aged 31),Trabzonspor,3
Chidozie Awaziem,Nigeria,DF,1 January 1997 (aged 28),Nantes,1
Calvin Bassey,Nigeria,DF,31 December 1999 (aged 25),Fulham,1
Akor Adams,Nigeria,FW,29 January 2000 (aged 25),Sevilla,2
Stanley Nwabali,Nigeria,GK,10 June 1996 (aged 29),Chippa United,0
Chidera Ejuke,Nigeria,FW,2 January 1998 (aged 27),Sevilla,1
Salim Fago Lawal,Nigeria,FW,15 January 2003 (aged 22),Istra 1961,0
Ebenezer Akinsanmiro,Nigeria,MF,25 November 2004 (aged 21),Pisa,0
Ryan Alebiosu,Nigeria,DF,17 December 2001 (aged 24),Blackburn Rovers,0
Tochukwu Nnadi,Nigeria,MF,30 June 2003 (aged 22),Zulte Waregem,0
Hussein Masalanga,Tanzanie,GK,4 March 1992 (aged 33),Singida Black Stars,0
Pascal Msindo,Tanzanie,DF,15 August 2003 (aged 22),Azam,0
Nickson Kibabage,Tanzanie,DF,12 October 2000 (aged 25),Simba,0
Ibrahim Hamad,Tanzanie,DF,12 November 1997 (aged 28),Young Africans,1
Dickson Job,Tanzanie,DF,29 December 2000 (aged 24),Young Africans,1
Feisal Salum,Tanzanie,MF,11 January 1998 (aged 27),Azam,4
Iddy Nado,Tanzanie,FW,3 November 1995 (aged 30),Azam,1
Charles M'Mombwa,Tanzanie,MF,14 March 1998 (aged 27),Floriana,3
Selemani Mwalimu,Tanzanie,FW,19 January 2006 (aged 19),Simba,1
Mbwana Samatta,Tanzanie,FW,23 December 1992 (aged 32),Le Havre,22
Kibu Denis,Tanzanie,FW,4 December 2000 (aged 25),Simba,0
Simon Msuva,Tanzanie,FW,2 October 1993 (aged 32),Al-Talaba,24
Yakoub Suleiman Ali,Tanzanie,GK,7 December 1999 (aged 26),Simba,0
Bakari Mwamnyeto,Tanzanie,DF,5 October 1995 (aged 30),Young Africans,0
Mohamed Husseini,Tanzanie,DF,1 November 1996 (aged 29),Young Africans,1
Wilson Nangu,Tanzanie,DF,30 September 2001 (aged 24),Simba,0
Khalid Habibu Iddi,Tanzanie,MF,10 September 2001 (aged 24),Singida Black Stars,0
Morice Abraham,Tanzanie,MF,13 August 2003 (aged 22),Simba,0
Lusajo Mwaikenda,Tanzanie,DF,27 October 2000 (aged 25),Azam,0
Novatus Miroshi,Tanzanie,DF,2 September 2002 (aged 23),Göztepe,3
Kelvin John,Tanzanie,FW,10 June 2003 (aged 22),AaB,1
Shomari Kapombe,Tanzanie,DF,28 January 1992 (aged 33),Simba,2
Yusuph Kagoma,Tanzanie,MF,1 February 1996 (aged 29),Simba,0
Kelvin Nashon,Tanzanie,MF,2 August 2000 (aged 25),Pamba,0
Haji Mnoga,Tanzanie,MF,16 April 2002 (aged 23),Salford City,0
Tarryn Allarakhia,Tanzanie,MF,17 November 1997 (aged 28),Rochdale,1
Alphonce Msanga,Tanzanie,MF,14 June 2003 (aged 22),Şamaxı,0
Zuberi Foba,Tanzanie,GK,23 May 2002 (aged 23),Azam,0
Noureddine Farhati,Tunisie,GK,14 September 2000 (aged 25),Stade Tunisien,0
Ali Abdi,Tunisie,DF,20 December 1993 (aged 32),Nice,6
Montassar Talbi,Tunisie,DF,26 May 1998 (aged 27),Lorient,3
Yassine Meriah,Tunisie,DF,2 July 1993 (aged 32),Espérance de Tunis,6
Mohamed Ali Ben Romdhane,Tunisie,MF,6 September 1999 (aged 26),Al Ahly,7
Dylan Bronn,Tunisie,DF,19 June 1995 (aged 30),Servette,2
Elias Achouri,Tunisie,FW,10 February 1999 (aged 26),Copenhagen,2
Elias Saad,Tunisie,FW,27 December 1999 (aged 25),Augsburg,4
Hazem Mastouri,Tunisie,FW,18 June 1997 (aged 28),Dynamo Makhachkala,4
Hannibal Mejbri,Tunisie,MF,21 January 2003 (aged 22),Burnley,1
Ismaël Gharbi,Tunisie,MF,10 April 2004 (aged 21),Augsburg,1
Ali Maâloul,Tunisie,DF,1 January 1990 (aged 35),CS Sfaxien,3
Ferjani Sassi,Tunisie,MF,18 March 1992 (aged 33),Al-Gharafa,9
Mohamed Ben Ali,Tunisie,DF,16 February 1995 (aged 30),Espérance de Tunis,1
Hadj Mahmoud,Tunisie,MF,24 April 2000 (aged 25),Lugano,0
Aymen Dahmen,Tunisie,GK,28 January 1997 (aged 28),CS Sfaxien,0
Ellyes Skhiri,Tunisie,MF,10 May 1995 (aged 30),Eintracht Frankfurt,3
Nader Ghandri,Tunisie,DF,18 February 1995 (aged 30),Akhmat Grozny,0
Firas Chaouat,Tunisie,FW,8 May 1996 (aged 29),Club Africain,5
Yan Valery,Tunisie,DF,22 February 1999 (aged 26),Sheffield Wednesday,0
Mortadha Ben Ouanes,Tunisie,DF,2 July 1994 (aged 31),Kasımpaşa,0
Bechir Ben Saïd,Tunisie,GK,29 November 1994 (aged 31),Espérance de Tunis,0
Naïm Sliti,Tunisie,FW,27 July 1992 (aged 33),Al-Shamal,14
Adem Arous,Tunisie,DF,17 July 2004 (aged 21),Kasımpaşa,0
Houssem Tka,Tunisie,MF,16 August 2000 (aged 25),Espérance de Tunis,0
Sebastian Tounekti,Tunisie,FW,13 July 2002 (aged 23),Celtic,0
Seifeddine Jaziri,Tunisie,FW,11 February 1993 (aged 32),Zamalek,11
Sabri Ben Hessen,Tunisie,GK,13 June 1996 (aged 29),Étoile du Sahel,0
Nafian Alionzi,Ouganda,GK,1 March 1996 (aged 29),Defence Force,0
Rogers Torach,Ouganda,DF,23 June 2003 (aged 22),Vipers,1
Timothy Awany,Ouganda,DF,6 August 1996 (aged 29),Ashdod,0
Kenneth Semakula,Ouganda,MF,14 November 2002 (aged 23),Al-Adalah,0
Toby Sibbick,Ouganda,DF,23 May 1999 (aged 26),Burton Albion,0
Bobosi Byaruhanga,Ouganda,MF,3 December 2001 (aged 24),Oakland Roots,0
Rogers Mato,Ouganda,FW,20 October 1998 (aged 27),Vardar,6
Khalid Aucho,Ouganda,MF,8 August 1993 (aged 32),Singida Black Stars,2
Uche Ikpeazu,Ouganda,FW,28 February 1995 (aged 30),St Johnstone,0
Travis Mutyaba,Ouganda,MF,7 August 2005 (aged 20),CS Sfaxien,2
Steven Mukwala,Ouganda,FW,15 July 1999 (aged 26),Simba,2
Baba Alhassan,Ouganda,MF,3 January 2000 (aged 25),FCSB,0
Elio Capradossi,Ouganda,DF,11 March 1996 (aged 29),Universitatea Cluj,1
Denis Omedi,Ouganda,FW,13 June 1996 (aged 29),APR,3
Jordan Obita,Ouganda,DF,8 December 1993 (aged 32),Hibernian,0
Ronald Ssekiganda,Ouganda,MF,13 September 1995 (aged 30),APR,1
Reagan Mpande,Ouganda,FW,7 May 2000 (aged 25),Villa,1
Denis Onyango,Ouganda,GK,15 May 1985 (aged 40),Mamelodi Sundowns,0
Jamal Salim,Ouganda,GK,27 May 1995 (aged 30),Richards Bay,0
Isaac Muleme,Ouganda,DF,10 October 1992 (aged 33),Viktoria Žižkov,0
Allan Okello,Ouganda,MF,4 July 2000 (aged 25),Vipers,6
Jude Ssemugabi,Ouganda,FW,3 March 1997 (aged 28),Jamus,4
Aziz Kayondo,Ouganda,DF,6 October 2002 (aged 23),Slovan Liberec,2
James Bogere,Ouganda,FW,2 February 2008 (aged 17),Masaka Sunshine,0
Shafik Nana Kwikiriza,Ouganda,FW,3 March 2004 (aged 21),KCCA,0
Hilary Mukundane,Ouganda,DF,22 December 1997 (aged 27),Vipers,0
Melvyn Lorenzen,Ouganda,FW,26 November 1994 (aged 31),Muangthong United,0
Ivan Ahimbisibwe,Ouganda,FW,23 November 1995 (aged 30),KCCA,1
Marcel Dandjinou,Benin,GK,25 June 1998 (aged 27),Kruger United,0
Rodrigue Fassinou,Benin,MF,22 May 1999 (aged 26),Coton,0
Tamimou Ouorou,Benin,DF,3 May 2003 (aged 22),Sobemap,0
Attidjikou Samadou,Benin,MF,2 February 2004 (aged 21),Smouha,0
Yohan Roche,Benin,DF,7 July 1997 (aged 28),Petrolul Ploiești,1
Olivier Verdon,Benin,DF,5 October 1995 (aged 30),Ludogorets Razgrad,0
Mattéo Ahlinvi,Benin,MF,2 July 1999 (aged 26),Arsenal Tula,0
Hassane Imourane,Benin,MF,8 April 2003 (aged 22),Grasshopper,2
Steve Mounié,Benin,FW,29 September 1994 (aged 31),Alanyaspor,22
Aiyegun Tosin,Benin,FW,26 June 1998 (aged 27),Lorient,4
Rachid Moumini,Benin,DF,27 October 2004 (aged 21),Sumgayit,1
David Kiki,Benin,DF,25 November 1993 (aged 32),FCSB,0
Mohamed Tijani,Benin,DF,10 July 1997 (aged 28),Yverdon-Sport,1
Mariano Ahouangbo,Benin,MF,16 November 2002 (aged 23),Olimpija Ljubljana,0
Sessi D'Almeida,Benin,MF,20 November 1995 (aged 30),Neftçi,1
Saturnin Allagbé,Benin,GK,22 November 1993 (aged 32),Chauray,0
Rodolfo Aloko,Benin,MF,26 December 2006 (aged 18),Kustošija,0
Junior Olaitan,Benin,MF,9 May 2002 (aged 23),Göztepe,5
Dodo Dokou,Benin,MF,4 May 2004 (aged 21),Leixões,2
Jodel Dossou,Benin,MF,17 March 1992 (aged 33),Pays du Valois,9
Rodrigue Kossi,Benin,MF,31 December 1999 (aged 25),Hassania Agadir,1
Romaric Amoussou,Benin,MF,10 December 2000 (aged 25),ASEC Mimosas,0
Serge Obassa,Benin,GK,30 June 1996 (aged 29),Remo Stars,0
Razack Rachidou,Benin,MF,22 June 2006 (aged 19),Kustošija,0
Olatoundji Tessilimi,Benin,MF,18 February 1998 (aged 27),SJK,0
Charlemagne Azongnitode,Benin,DF,8 August 2001 (aged 24),Oulu,0
Gislain Ahoudo,Benin,MF,2 July 1999 (aged 26),AS Gabès,0
Adam Akimey,Benin,FW,25 February 2004 (aged 21),Helsingborg,0
Kabelo Dambe,Botswana,GK,10 May 1990 (aged 35),Township Rollers,0
Thabo Leinanyane,Botswana,DF,27 July 1993 (aged 32),Jwaneng Galaxy,0
Thatayaone Ditlhokwe,Botswana,DF,21 September 1998 (aged 27),Al-Ittihad Tripoli,0
Mosha Gaolaolwe,Botswana,DF,25 December 1993 (aged 31),Township Rollers,0
Alford Velaphi,Botswana,DF,18 January 1999 (aged 26),Gaborone United,0
Gape Mohutsiwa,Botswana,MF,20 March 1997 (aged 28),MC Oran,0
Kabelo Seakanyeng,Botswana,FW,25 June 1993 (aged 32),Maghreb Fez,0
Olebogeng Ramotse,Botswana,MF,17 January 1998 (aged 27),Jwaneng Galaxy,0
Omaatla Kebatho,Botswana,FW,16 June 1993 (aged 32),Jwaneng Galaxy,0
Thabang Sesinyi,Botswana,FW,15 October 1992 (aged 33),Jwaneng Galaxy,0
Tumisang Orebonye,Botswana,FW,26 March 1996 (aged 29),Wydad AC,0
Mothusi Johnson,Botswana,DF,28 July 1997 (aged 28),Gaborone United,0
Segolame Boy,Botswana,MF,7 November 1992 (aged 33),Sua Flamingoes,0
Godarione Modingwane,Botswana,MF,25 June 1996 (aged 29),Botswana Defence Force,0
Mothusi Cooper,Botswana,MF,19 July 1997 (aged 28),Township Rollers,0
Keagile Kgosipula,Botswana,GK,2 January 1996 (aged 29),Mochudi Centre Chiefs,0
Thatayaone Kgamanyane,Botswana,FW,30 January 1996 (aged 29),Gaborone United,0
Lebogang Ditsele,Botswana,MF,20 April 1996 (aged 29),Gaborone United,0
Chicco Molefe,Botswana,DF,29 July 1995 (aged 30),Jwaneng Galaxy,0
Tebogo Kopelang,Botswana,DF,24 April 2002 (aged 23),Jwaneng Galaxy,0
Thabo Maponda,Botswana,FW,17 July 1997 (aged 28),Gaborone United,0
Gilbert Baruti,Botswana,MF,16 March 1992 (aged 33),Mochudi Centre Chiefs,0
Goitseone Phoko,Botswana,GK,13 December 1994 (aged 31),Jwaneng Galaxy,0
Losika Ratshkudu,Botswana,FW,1 February 2006 (aged 19),Ubuntu,0
Monty Enosa,Botswana,MF,6 February 2004 (aged 21),Mochudi Centre Chiefs,0
Shanganani Ngada,Botswana,DF,16 March 1994 (aged 31),Mochudi Centre Chiefs,0
Lionel Mpasi,DR Congo,GK,1 August 1994 (aged 31),Le Havre,0
Aaron Wan-Bissaka,DR Congo,DF,26 November 1997 (aged 28),West Ham United,0
Steve Kapuadi,DR Congo,DF,30 April 1998 (aged 27),Legia Warsaw,0
Axel Tuanzebe,DR Congo,DF,14 November 1997 (aged 28),Burnley,0
Dylan Batubinsika,DR Congo,DF,15 February 1996 (aged 29),Saint-Étienne,1
Ngal'ayel Mukau,DR Congo,MF,3 November 2004 (aged 21),Lille,0
Nathanaël Mbuku,DR Congo,FW,16 March 2002 (aged 23),Montpellier,1
Samuel Moutoussamy,DR Congo,MF,12 August 1996 (aged 29),Atromitos,0
Samuel Essende,DR Congo,FW,30 January 1998 (aged 27),Augsburg,1
Théo Bongonda,DR Congo,FW,20 November 1995 (aged 30),Spartak Moscow,6
Gaël Kakuta,DR Congo,FW,21 June 1991 (aged 34),Sakaryaspor,3
Joris Kayembe,DR Congo,DF,8 August 1994 (aged 31),Genk,0
Meschak Elia,DR Congo,FW,6 August 1997 (aged 28),Alanyaspor,12
Noah Sadiki,DR Congo,MF,17 December 2004 (aged 21),Sunderland,0
Rocky Bushiri,DR Congo,DF,30 November 1999 (aged 26),Hibernian,0
Timothy Fayulu,DR Congo,GK,24 July 1999 (aged 26),Noah,0
Cédric Bakambu,DR Congo,FW,11 April 1991 (aged 34),Real Betis,20
Charles Pickel,DR Congo,MF,15 May 1997 (aged 28),Espanyol,1
Fiston Mayele,DR Congo,FW,24 June 1994 (aged 31),Pyramids,5
Brian Cipenga,DR Congo,FW,11 March 1998 (aged 27),Castellón,0
Matthieu Epolo,DR Congo,GK,15 January 2005 (aged 20),Standard Liège,0
Chancel Mbemba,DR Congo,DF,8 August 1994 (aged 31),Lille,7
Simon Banza,DR Congo,FW,13 August 1996 (aged 29),Al-Jazira,2
Gédéon Kalulu,DR Congo,DF,29 August 1997 (aged 28),Aris Limassol,0
Edo Kayembe,DR Congo,MF,3 June 1998 (aged 27),Watford,2
Arthur Masuaku,DR Congo,DF,7 November 1993 (aged 32),Sunderland,3
Michel-Ange Balikwisha,DR Congo,FW,10 May 2001 (aged 24),Celtic,0
Dimitry Bertaud,DR Congo,GK,6 June 1998 (aged 27),Unattached,0
Yehvann Diouf,Sénégal,GK,16 November 1999 (aged 26),Nice,0
Mamadou Sarr,Sénégal,DF,29 August 2005 (aged 20),Strasbourg,0
Kalidou Koulibaly,Sénégal,DF,20 June 1991 (aged 34),Al-Hilal,2
Abdoulaye Seck,Sénégal,DF,4 June 1992 (aged 33),Maccabi Haifa,2
Idrissa Gueye,Sénégal,MF,26 September 1989 (aged 36),Everton,7
Pathé Ciss,Sénégal,MF,16 March 1994 (aged 31),Rayo Vallecano,0
Habib Diarra,Sénégal,MF,3 January 2004 (aged 21),Sunderland,4
Lamine Camara,Sénégal,MF,5 January 2004 (aged 21),Monaco[b],6
Boulaye Dia,Sénégal,FW,16 November 1996 (aged 29),Lazio,6
Sadio Mané,Sénégal,FW,10 April 1992 (aged 33),Al-Nassr,50
Nicolas Jackson,Sénégal,FW,20 June 2001 (aged 24),Bayern Munich,5
Cherif Ndiaye,Sénégal,FW,23 January 1996 (aged 29),Samsunspor,2
Iliman Ndiaye,Sénégal,FW,6 March 2000 (aged 25),Everton,3
Ismail Jakobs,Sénégal,DF,17 August 1999 (aged 26),Galatasaray,0
Krépin Diatta,Sénégal,DF,25 February 1999 (aged 26),Monaco[b],2
Édouard Mendy,Sénégal,GK,1 March 1992 (aged 33),Al-Ahli,0
Pape Matar Sarr,Sénégal,MF,14 September 2002 (aged 23),Tottenham Hotspur,4
Ismaïla Sarr,Sénégal,FW,25 February 1998 (aged 27),Crystal Palace,18
Moussa Niakhaté,Sénégal,DF,8 March 1996 (aged 29),Lyon,0
Habib Diallo,Sénégal,FW,18 June 1995 (aged 30),Metz,8
Cheikh Sabaly,Sénégal,FW,4 March 1999 (aged 26),Metz,1
Ousseynou Niang,Sénégal,MF,12 October 2001 (aged 24),Union SG,0
Mory Diaw,Sénégal,GK,22 June 1993 (aged 32),Le Havre,0
Antoine Mendy,Sénégal,DF,27 May 2004 (aged 21),Nice,0
El Hadji Malick Diouf,Sénégal,DF,28 December 2004 (aged 20),West Ham United,1
Pape Gueye,Sénégal,MF,24 January 1999 (aged 26),Villarreal,3
Ibrahim Mbaye,Sénégal,FW,24 January 2008 (aged 17),Paris Saint-Germain,1
Mamadou Camara,Sénégal,MF,5 January 2003 (aged 22),RS Berkane,1
Anthony Mandrea,Algérie,GK,25 December 1996 (aged 28),Caen,0
Aïssa Mandi,Algérie,DF,22 October 1991 (aged 34),Lille,7
Mehdi Dorval,Algérie,DF,9 February 2001 (aged 24),Bari,0
Mohamed Amine Tougai,Algérie,DF,22 January 2000 (aged 25),Espérance de Tunis,2
Zineddine Belaïd,Algérie,DF,20 March 1999 (aged 26),JS Kabylie,0
Ramiz Zerrouki,Algérie,MF,26 May 1998 (aged 27),Twente,3
Riyad Mahrez,Algérie,MF,21 February 1991 (aged 34),Al-Ahli,33
Himad Abdelli,Algérie,MF,17 November 1999 (aged 26),Angers,0
Baghdad Bounedjah,Algérie,FW,24 November 1991 (aged 34),Al-Shamal,35
Ismaël Bennacer,Algérie,MF,1 December 1997 (aged 28),Dinamo Zagreb,3
Anis Hadj Moussa,Algérie,FW,11 February 2002 (aged 23),Feyenoord,0
Monsef Bakrar,Algérie,FW,13 January 2001 (aged 24),Dinamo Zagreb,0
Jaouen Hadjam,Algérie,DF,26 March 2003 (aged 22),Young Boys,3
Hicham Boudaoui,Algérie,MF,23 September 1999 (aged 26),Nice,0
Rayan Aït-Nouri,Algérie,DF,6 June 2001 (aged 24),Manchester City,0
Oussama Benbot,Algérie,GK,11 October 1994 (aged 31),USM Alger,0
Farès Chaïbi,Algérie,MF,28 November 2002 (aged 23),Eintracht Frankfurt,2
Mohamed Amoura,Algérie,FW,9 May 2000 (aged 25),VfL Wolfsburg,19
Adem Zorgane,Algérie,MF,6 January 2000 (aged 25),Union SG,1
Youcef Atal,Algérie,DF,17 May 1996 (aged 29),Al-Sadd,2
Ramy Bensebaini,Algérie,DF,16 April 1995 (aged 30),Borussia Dortmund,7
Ibrahim Maza,Algérie,MF,24 November 2005 (aged 20),Bayer Leverkusen,0
Luca Zidane,Algérie,GK,13 May 1998 (aged 27),Granada,0
Ilan Kebbal,Algérie,MF,10 July 1998 (aged 27),Paris FC,0
Rafik Belghali,Algérie,DF,7 June 2002 (aged 23),Hellas Verona,0
Samir Chergui,Algérie,DF,6 February 1999 (aged 26),Paris FC,0
Adil Boulbina,Algérie,MF,2 May 2003 (aged 22),Al-Duhail,5
Redouane Berkane,Algérie,FW,7 July 2003 (aged 22),Al-Wakrah,2
Farid Ouédraogo,Burkina Faso,GK,26 December 1996 (aged 28),Al Hilal,0
Lassina Traoré,Burkina Faso,FW,12 January 2001 (aged 24),Shakhtar Donetsk,12
Abdoul Ayinde,Burkina Faso,DF,17 July 2005 (aged 20),Gent,0
Adamo Nagalo,Burkina Faso,DF,22 September 2002 (aged 23),PSV Eindhoven,0
Nasser Djiga,Burkina Faso,DF,15 November 2002 (aged 23),Rangers,1
Mohamed Zougrana,Burkina Faso,MF,29 October 2001 (aged 24),MC Alger,2
Dango Ouattara,Burkina Faso,FW,11 February 2002 (aged 23),Brentford,12
Cedric Badolo,Burkina Faso,MF,4 November 1998 (aged 27),Spartak Trnava,0
Issa Kaboré,Burkina Faso,DF,12 May 2001 (aged 24),Wrexham,2
Bertrand Traoré,Burkina Faso,FW,6 September 1995 (aged 30),Sunderland,21
Ousseni Bouda,Burkina Faso,FW,28 April 2000 (aged 25),San Jose Earthquakes,2
Edmond Tapsoba,Burkina Faso,DF,2 February 1999 (aged 26),Bayer Leverkusen,3
Mohamed Konaté*,Burkina Faso,FW,12 December 1997 (aged 28),Akhmat Grozny,6
Issoufou Dayo,Burkina Faso,DF,6 August 1991 (aged 34),Umm Salal,9
Abdoul Yoda*,Burkina Faso,MF,20 December 2000 (aged 25),Milsami Orhei,0
Hervé Koffi,Burkina Faso,GK,16 October 1996 (aged 29),Angers,0
Stephane Aziz Ki,Burkina Faso,MF,6 March 1996 (aged 29),Wydad AC,3
Ismahila Ouédraogo,Burkina Faso,MF,5 November 1999 (aged 26),OB,0
Georgi Minoungou,Burkina Faso,FW,25 July 2002 (aged 23),Seattle Sounders,0
Gustavo Sangaré,Burkina Faso,MF,8 November 1996 (aged 29),Noah,2
Cyriaque Irié,Burkina Faso,FW,20 June 2005 (aged 20),SC Freiburg,2
Blati Touré,Burkina Faso,MF,4 August 1994 (aged 31),Pyramids,3
Kilian Nikiema,Burkina Faso,GK,22 June 2003 (aged 22),ADO Den Haag,0
Saïdou Simporé,Burkina Faso,MF,31 August 1992 (aged 33),National Bank of Egypt,1
Steeve Yago,Burkina Faso,DF,16 December 1992 (aged 33),Aris Limassol,1
Arsène Kouassi,Burkina Faso,DF,11 September 2004 (aged 21),Lorient,0
Pierre Landry Kaboré,Burkina Faso,FW,5 July 2001 (aged 24),Heart of Midlothian,6
Josué Tiendrébéogo*,Burkina Faso,MF,21 November 2002 (aged 23),Annecy,2
Jesús Owono,Guinée équatoriale,GK,1 March 2001 (aged 24),FC Andorra,0
Néstor Senra,Guinée équatoriale,DF,4 January 2002 (aged 23),Recreativo,0
Marvin Anieboh,Guinée équatoriale,DF,26 August 1997 (aged 28),SS Reyes,0
Álex Balboa,Guinée équatoriale,MF,6 March 2001 (aged 24),Lugo,0
Omar Mascarell,Guinée équatoriale,MF,2 February 1993 (aged 32),Mallorca,0
Iban Salvador,Guinée équatoriale,FW,11 December 1995 (aged 30),Wisła Płock,10
José Machín,Guinée équatoriale,MF,14 August 1996 (aged 29),Vis Pesaro,0
Jannick Buyla,Guinée équatoriale,MF,6 October 1998 (aged 27),Numancia,3
Dorian Jr.,Guinée équatoriale,FW,12 May 2001 (aged 24),Viborg,1
Emilio Nsue,Guinée équatoriale,FW,30 September 1989 (aged 36),Intercity,22
Basilio Ndong,Guinée équatoriale,DF,17 January 1999 (aged 26),Tirana,0
Charles Ondo,Guinée équatoriale,DF,22 October 2003 (aged 22),Portland Timbers,0
Aitor Embela,Guinée équatoriale,GK,17 April 1996 (aged 29),Soneja,0
Pedro Obiang,Guinée équatoriale,MF,27 March 1992 (aged 33),Monza,3
Carlos Akapo,Guinée équatoriale,DF,12 March 1993 (aged 32),Amazonas,2
Saúl Coco,Guinée équatoriale,DF,9 February 1999 (aged 26),Torino,4
Josete Miranda,Guinée équatoriale,FW,22 July 1998 (aged 27),Kalamata,4
Michael Ngaah,Guinée équatoriale,DF,10 April 2003 (aged 22),Ávila,0
Luís Asué,Guinée équatoriale,FW,9 July 2001 (aged 24),Shanghai Shenhua,5
Santiago Eneme,Guinée équatoriale,MF,29 September 2000 (aged 25),Sparta Prague,0
Esteban Obiang,Guinée équatoriale,DF,7 May 1998 (aged 27),Argeș Pitești,1
Pablo Ganet,Guinée équatoriale,MF,4 November 1994 (aged 31),Persita Tangerang,6
Manuel Sapunga,Guinée équatoriale,GK,23 November 1992 (aged 33),Sekhukhune United,0
Loren Zúñiga,Guinée équatoriale,FW,18 January 2003 (aged 22),Real Madrid,0
Javier Mum,Guinée équatoriale,DF,24 January 2001 (aged 24),MUZA,0
José Nabil Ondo,Guinée équatoriale,FW,23 November 2005 (aged 20),Nantes,1
Gael Joel Akogo,Guinée équatoriale,MF,21 December 2003 (aged 22),Granada,0
Álex Masogo,Guinée équatoriale,MF,26 January 2001 (aged 24),Beroe,1
Ali Abu Eshrein,Sudan,GK,6 December 1989 (aged 36),Al Hilal,0
Abuaagla Abdalla,Sudan,MF,11 March 1993 (aged 32),Al-Ahly Benghazi,3
Mohamed Ering,Sudan,DF,20 October 1997 (aged 28),Al Hilal,0
Altayeb Abdelrazeg,Sudan,DF,6 September 1991 (aged 34),Al Hilal,1
Walieldin Khedr,Sudan,MF,15 September 1995 (aged 30),Al Hilal,3
Mustafa Karshoum,Sudan,DF,6 December 1992 (aged 33),Al Hilal,1
Yaser Awad,Sudan,DF,15 March 2005 (aged 20),Al Hilal,1
Abdel Raouf,Sudan,MF,18 July 1993 (aged 32),Al Hilal,4
Yaser Muzmel,Sudan,FW,1 January 1992 (aged 33),Al Hilal,8
Mohamed Abdelrahman,Sudan,FW,10 July 1993 (aged 32),Al Hilal,23
John Mano,Sudan,FW,12 December 2001 (aged 24),Al-Akhdar,0
Bakhit Khamis,Sudan,DF,1 January 1994 (aged 31),Al-Ahli Tripoli,0
Ammar Taifour,Sudan,MF,12 April 1997 (aged 28),CS Sfaxien,0
Mohamed Eisa,Sudan,FW,12 July 1994 (aged 31),Uthai Thani,2
Salah Adel,Sudan,MF,3 April 1995 (aged 30),Al Hilal,1
Muhamed Alnour Abouja,Sudan,GK,1 January 2000 (aged 25),Al-Merrikh,0
Mazin Mohamedein,Sudan,DF,2 May 2000 (aged 25),Al-Akhdar,0
Awad Zayed,Sudan,DF,1 January 1993 (aged 32),Al-Merrikh,0
Ahmed Tabanja,Sudan,DF,2 September 2000 (aged 25),Al-Merrikh,0
Abo Eisa,Sudan,FW,5 January 1996 (aged 29),Chonburi,1
Munjed Alnil,Sudan,GK,1 January 1996 (aged 29),Al Merreikh,0
Al-Jezoli Nouh,Sudan,FW,24 October 2002 (aged 23),Al-Ahli Tripoli,1
Abdelsamad Manen,Sudan,MF,4 May 2005 (aged 20),Al-Zamala SC,0
Muhamed Kesra,Sudan,DF,25 October 1996 (aged 29),Jamus,0
Sheddy Barglan,Sudan,DF,3 October 2002 (aged 23),Den Bosch,0
Aamir Abdallah,Sudan,FW,8 May 1999 (aged 26),Avondale,0
Muhamed Tia Asad,Sudan,FW,21 February 2001 (aged 24),Al-Merrikh,1
Simon Omossola,Cameroun,GK,5 May 1998 (aged 27),Saint-Éloi Lupopo,0
Junior Tchamadeu,Cameroun,DF,22 December 2003 (aged 21),Stoke City,0
Che Malone,Cameroun,DF,23 May 1999 (aged 26),USM Alger,0
Christopher Wooh,Cameroun,DF,18 September 2001 (aged 24),Spartak Moscow,2
Nouhou Tolo,Cameroun,DF,23 June 1997 (aged 28),Seattle Sounders,1
Gerzino Nyamsi,Cameroun,DF,22 January 1997 (aged 28),Lokomotiv Moscow,0
Georges-Kévin Nkoudou,Cameroun,FW,14 February 1995 (aged 30),Diriyah,3
Jean Onana,Cameroun,MF,8 January 2000 (aged 25),Genoa,0
Frank Magri,Cameroun,FW,4 September 1999 (aged 26),Toulouse,2
Bryan Mbeumo,Cameroun,FW,7 August 1999 (aged 26),Manchester United,7
Christian Bassogog,Cameroun,FW,18 October 1995 (aged 30),Al-Okhdood,8
Patrick Soko,Cameroun,FW,31 October 1997 (aged 28),Almería,1
Darlin Yongwa,Cameroun,DF,21 September 2000 (aged 25),Lorient,1
Danny Namaso,Cameroun,FW,28 August 2000 (aged 25),Auxerre,0
Arthur Avom,Cameroun,MF,15 December 2004 (aged 21),Lorient,1
Devis Epassy,Cameroun,GK,2 February 1993 (aged 32),Dinamo București,0
Samuel Kotto,Cameroun,DF,3 September 2003 (aged 22),Gent,0
Aboubakar Nagida,Cameroun,DF,28 June 2005 (aged 20),Rennes,0
Martin Ndzie,Cameroun,MF,16 January 2003 (aged 22),Rapid Wien,0
Olivier Kemen,Cameroun,MF,20 July 1996 (aged 29),İstanbul Başakşehir,1
Karl Etta Eyong,Cameroun,FW,14 October 2003 (aged 22),Levante,0
Flavien Enzo Boyomo,Cameroun,DF,7 October 2001 (aged 24),Osasuna,1
Simon Ngapandouetnbu,Cameroun,GK,12 April 2003 (aged 22),Montpellier,0
Carlos Baleba,Cameroun,MF,3 January 2004 (aged 21),Brighton & Hove Albion,0
Éric Junior Dina Ebimbe,Cameroun,MF,21 November 2000 (aged 25),Brest,0
Christian Kofane,Cameroun,FW,27 July 2006 (aged 19),Bayer Leverkusen,0
Arnold Maël Kamdem,Cameroun,MF,18 January 2000 (aged 25),Sport Sinop,0
Edouard Sombang,Cameroun,GK,29 May 1998 (aged 27),Colombe Sportive,0
Anse Ngoubi Demba,Gabon,GK,31 January 2000 (aged 25),Mosta,0
Aaron Appindangoyé,Gabon,DF,20 February 1992 (aged 33),Sivasspor,2
Anthony Oyono,Gabon,DF,12 April 2001 (aged 24),Frosinone,0
Alex Moucketou-Moussounda,Gabon,DF,10 October 2000 (aged 25),Aris Limassol,1
Bruno Ecuele Manga,Gabon,DF,16 July 1988 (aged 37),Paris 13 Atletico,9
Johann Obiang,Gabon,DF,5 July 1993 (aged 32),Orléans,0
Royce Openda,Gabon,FW,21 April 2002 (aged 23),Bordeaux,0
Clench Loufilou,Gabon,MF,12 April 1999 (aged 26),Al-Minaa,0
Pierre-Emerick Aubameyang,Gabon,FW,18 June 1989 (aged 36),Marseille,38
Shavy Babicka,Gabon,FW,1 June 2000 (aged 25),Red Star Belgrade,3
Jim Allevinah,Gabon,FW,27 February 1995 (aged 30),Angers,10
Guélor Kanga,Gabon,MF,1 August 1990 (aged 35),Esenler Erokspor,5
Mick Omfia,Gabon,DF,10 December 2000 (aged 25),Hafia,0
Urie-Michel Mboula,Gabon,DF,30 April 2003 (aged 22),Metz,0
Samaké Nzé Bagnama,Gabon,MF,28 June 2002 (aged 23),Stade d'Abidjan,0
François Bekale,Gabon,GK,15 February 2002 (aged 23),Hafia,0
André Biyogo Poko,Gabon,MF,7 March 1993 (aged 32),Amed,4
Mario Lemina,Gabon,MF,1 September 1993 (aged 32),Galatasaray,5
Jacques Ekomié,Gabon,DF,19 August 2003 (aged 22),Angers,0
Denis Bouanga,Gabon,FW,11 November 1994 (aged 31),Los Angeles FC,15
Jérémy Oyono,Gabon,DF,12 April 2001 (aged 24),Frosinone,0
Didier Ndong,Gabon,MF,17 June 1994 (aged 31),Esteghlal,1
Loyce Mbaba,Gabon,GK,4 May 1998 (aged 27),Stella Club,0
Edlin Randy Essang-Matouti,Gabon,FW,25 July 2003 (aged 22),USM Khenchela,0
Eric Bocoum,Gabon,MF,10 March 1996 (aged 29),Gol Gohar Sirjan,0
Jonathan Do Marcolino,Gabon,DF,10 May 2006 (aged 19),Bourg-Péronnas,0
Teddy Averlant,Gabon,FW,2 October 1999 (aged 26),Amiens,0
Malick Evouna,Gabon,FW,28 November 1992 (aged 33),Mangasport,12
Yahia Fofana,Côte d'Ivoire,GK,21 August 2000 (aged 25),Çaykur Rizespor,0
Ousmane Diomande,Côte d'Ivoire,DF,4 December 2003 (aged 22),Sporting CP,1
Ghislain Konan,Côte d'Ivoire,DF,27 December 1995 (aged 29),Gil Vicente,0
Jean Michaël Seri,Côte d'Ivoire,MF,19 July 1991 (aged 34),Maribor,4
Armel Zohouri,Côte d'Ivoire,DF,5 April 2001 (aged 24),Iberia 1999,0
Seko Fofana,Côte d'Ivoire,MF,7 May 1995 (aged 30),Rennes,7
Odilon Kossounou,Côte d'Ivoire,DF,4 January 2001 (aged 24),Atalanta,0
Franck Kessié,Côte d'Ivoire,MF,19 December 1996 (aged 29),Al-Ahli,15
Vakoun Issouf Bayo,Côte d'Ivoire,FW,10 January 1997 (aged 28),Udinese,3
Wilfried Zaha,Côte d'Ivoire,FW,10 November 1992 (aged 33),Charlotte FC,5
Jean-Philippe Krasso,Côte d'Ivoire,FW,17 July 1997 (aged 28),Paris FC,8
Willy Boly,Côte d'Ivoire,DF,3 February 1991 (aged 34),Nottingham Forest,1
Christopher Opéri,Côte d'Ivoire,DF,29 April 1997 (aged 28),İstanbul Başakşehir,0
Oumar Diakité,Côte d'Ivoire,FW,20 December 2003 (aged 22),Cercle Brugge,6
Amad Diallo,Côte d'Ivoire,FW,11 July 2002 (aged 23),Manchester United,2
Mohamed Koné,Côte d'Ivoire,GK,7 March 2002 (aged 23),Charleroi,0
Guéla Doué,Côte d'Ivoire,DF,17 October 2002 (aged 23),Strasbourg,1
Ibrahim Sangaré,Côte d'Ivoire,MF,2 December 1997 (aged 28),Nottingham Forest,12
Christ Inao Oulaï,Côte d'Ivoire,MF,6 April 2006 (aged 19),Trabzonspor,0
Emmanuel Agbadou,Côte d'Ivoire,DF,7 June 1997 (aged 28),Wolverhampton Wanderers,2
Evan Ndicka,Côte d'Ivoire,DF,20 August 1999 (aged 26),Roma,0
Evann Guessand,Côte d'Ivoire,FW,1 July 2001 (aged 24),Aston Villa,2
Alban Lafont,Côte d'Ivoire,GK,23 January 1999 (aged 26),Panathinaikos,0
Bazoumana Touré,Côte d'Ivoire,FW,2 March 2006 (aged 19),TSG Hoffenheim,0
Jean-Philippe Gbamin,Côte d'Ivoire,MF,25 September 1995 (aged 30),Metz,0
Yan Diomande,Côte d'Ivoire,FW,14 November 2006 (aged 19),RB Leipzig,2
Ernan Siluane,Mozambique,GK,9 July 1998 (aged 27),Black Bulls,0
Nanani,Mozambique,DF,8 February 1996 (aged 29),Songo,0
Nené,Mozambique,DF,15 November 1996 (aged 29),Black Bulls,1
Fernando Chamboco,Mozambique,DF,15 June 1998 (aged 27),Black Bulls,0
Bruno Langa,Mozambique,DF,31 October 1997 (aged 28),Pafos,1
Manuel Kambala,Mozambique,MF,21 August 1991 (aged 34),Polokwane City,0
Domingues,Mozambique,MF,13 November 1983 (aged 42),Songo,17
Edmilson Dove,Mozambique,DF,18 July 1994 (aged 31),Al-Quwa Al-Jawiya,0
Faisal Bangal,Mozambique,FW,5 January 1995 (aged 30),Mestre,2
Geny Catamo,Mozambique,FW,26 January 2001 (aged 24),Sporting CP,13
João Bonde,Mozambique,MF,9 January 1997 (aged 28),Ferroviário Beira,0
Kimiss Zavala,Mozambique,GK,8 May 2004 (aged 21),Marítimo,0
Stanley Ratifo,Mozambique,FW,5 December 1994 (aged 31),Chemie Leipzig,9
Oscar Cherene,Mozambique,DF,28 March 2003 (aged 22),Textáfrica,0
Reinildo Mandava,Mozambique,DF,21 January 1994 (aged 31),Sunderland,2
Alfons Amade,Mozambique,MF,12 November 1999 (aged 26),Dunfermline Athletic,1
Mexer,Mozambique,DF,8 September 1987 (aged 38),Ankara Keçiörengücü,3
Gildo Vilanculos,Mozambique,FW,31 January 1995 (aged 30),Tadamon Sour,4
Witi,Mozambique,FW,26 August 1996 (aged 29),Nacional,4
Keyns Abdala,Mozambique,MF,15 March 2003 (aged 22),Chaves,0
Guima,Mozambique,MF,14 November 1995 (aged 30),Zira,2
Ivane Urrubal,Mozambique,GK,1 March 1997 (aged 28),Songo,0
Diogo Calila,Mozambique,DF,10 October 1998 (aged 27),Santa Clara,0
Melque Alexandre,Mozambique,FW,26 June 1997 (aged 28),Songo,4
Chamito,Mozambique,FW,14 January 2004 (aged 21),Académico Viseu,3
Ângelo Cantolo*,Mozambique,FW,23 May 2003 (aged 22),Chingale,0
Clésio*,Mozambique,FW,11 October 1994 (aged 31),Black Bulls,9
Shaquille*,Mozambique,MF,24 November 1997 (aged 28),Sagrada Esperança,0
